id,first_name,last_name,num
1,Maynard,Eisak,875-52-6484
2,Bessie,Littrik,662-54-7155
3,Kylen,Offord,702-43-8816
4,Adair,Fold,508-80-7520
5,Frederica,Andell,365-15-9915
6,Waite,Skivington,338-80-5640
7,Dani,Tomaszczyk,253-80-0015
8,Ivie,Henbury,400-35-5496
9,Fredericka,MacCarrick,501-24-8656
10,Prue,Langsbury,859-33-1020
11,Malinde,Valance,413-97-2487
12,Margarete,Cordero,504-95-7325
13,Bronnie,Trunkfield,464-83-3413
14,Mara,Lund,267-49-4393
15,Charlene,Totaro,318-58-9912
16,Marrilee,Gillum,660-09-6768
17,Krystal,Wherrett,166-88-4895
18,Elvira,de Wilde,344-30-2978
19,Cassandre,Dabner,744-90-1823
20,Osmund,Le Bosse,525-92-4678
21,Jodee,Govan,837-31-5282
22,Chet,Sutehall,422-13-6970
23,Elvyn,Stendell,212-89-4211
24,Leticia,Mathon,483-07-6318
25,Rozalie,Griston,806-48-6360
26,Claudette,Daventry,858-32-0349
27,Miltie,Spraggs,176-30-6892
28,Helge,Curtois,314-89-6687
29,Rube,Rojas,868-73-1301
30,Lizbeth,Brosoli,839-72-3673
31,Taddeusz,Stollmeier,281-86-4346
32,Latisha,Fendley,790-18-2528
33,Guillaume,McInulty,297-47-3601
34,Ines,Jozefczak,173-25-2392
35,Tatum,Cocklie,143-68-7490
36,Abbie,Icke,561-70-4736
37,Fidelia,Enser,395-10-0745
38,Joanie,Adamowicz,201-06-8022
39,Madelene,Ree,806-31-9281
40,Emlynn,Rockhill,606-44-3417
41,Ursuline,Mabson,856-35-3517
42,Sibley,Corn,246-16-1403
43,Murial,Hollebon,558-45-9074
44,Karlen,Enefer,738-56-0754
45,Powell,Gavaran,784-42-1702
46,Goldi,Capps,307-23-2656
47,Neely,Causnett,878-67-7332
48,Letta,Bampkin,354-84-6430
49,Alie,Lishman,816-29-3522
50,Archibaldo,Carmen,226-38-6909
51,Barbara,Kerans,447-20-8591
52,Corilla,Flory,230-41-6415
53,Mikkel,Haggie,267-90-8675
54,Lishe,Freak,703-96-2629
55,Gilli,MacComiskey,840-90-7983
56,Jone,Andrez,113-01-9261
57,Oona,Weatherill,613-46-4012
58,Ximenes,Tooley,651-65-3164
59,Freedman,Costy,448-91-8806
60,Lorne,Lissandre,262-90-8796
61,Karalee,Shatliffe,566-96-3607
62,Marga,Rawood,446-57-2128
63,Ly,Engelmann,332-20-7393
64,Elisa,Woodberry,660-49-2685
65,Linnea,Housbie,625-02-8587
66,Araldo,Ocklin,171-10-4930
67,Sephira,Wisdom,642-79-5901
68,North,Gillmor,610-56-2500
69,Marita,Treen,296-27-0181
70,Robert,Strongman,759-26-7038
71,Bronnie,Izen,893-84-1427
72,Thomasina,Blaby,648-36-2574
73,Krisha,Gillino,443-62-5436
74,Abe,Sayburn,167-13-6459
75,Steffen,Rogan,890-41-1650
76,Mildred,Ommundsen,723-36-4496
77,Danica,Chinnock,804-73-0788
78,Jeanna,Gaunson,194-40-7779
79,Karrah,Ramelet,745-95-4519
80,Meggie,Attreed,334-59-7436
81,Nike,Micah,403-48-0013
82,Wes,Platfoot,576-01-7457
83,Rudolf,Ianizzi,819-81-3946
84,Nicola,O' Dornan,527-60-5432
85,Chancey,Oxterby,226-70-2509
86,Aldwin,Robinett,641-97-7878
87,Nariko,Woodrow,121-35-4035
88,Julian,Lodemann,734-54-4950
89,Constantino,Scardefield,725-42-0304
90,Valentin,Luppitt,764-19-9560
91,Tine,Schankelborg,554-32-3770
92,Valerie,Guise,238-73-0636
93,Stanislaus,Jahnig,726-91-7300
94,Josefina,Fairbank,501-92-4716
95,Lexy,Gaytor,198-51-5756
96,Prinz,Cross,216-83-9580
97,Pauletta,Measures,326-54-6573
98,Aldridge,Polet,216-85-2056
99,Diandra,Salvage,655-31-1528
100,Nessi,Torbet,792-44-8910
101,Seka,Coatts,818-40-4055
102,Mira,Suller,504-02-8634
103,Kelli,Fairbard,166-10-9690
104,Octavia,Diamant,331-35-7084
105,Aube,Wooldridge,621-88-8511
106,Darell,Woolrich,847-72-6433
107,Ronny,Brosch,523-77-6688
108,Gunther,De La Hay,350-58-5275
109,Katinka,Bellingham,141-84-1331
110,Jandy,Antuk,841-37-5788
111,Joanna,Badby,897-08-4140
112,Ole,Biner,766-96-3330
113,Nevin,Ollerhead,795-49-4147
114,Hildegaard,Nore,265-41-6566
115,Harlie,Karpmann,643-79-5930
116,Natal,Wrathmall,197-56-7599
117,Effie,MacAndreis,315-80-5802
118,Regine,Gladdin,636-96-5086
119,Nickola,Klicher,733-54-2907
120,Preston,Oldfield-Cherry,741-05-9629
121,Myron,Treble,874-97-0394
122,Arch,Pennings,894-81-1791
123,Austin,Geering,846-07-4586
124,Burg,Gietz,689-66-1748
125,Carmella,Kiera,613-68-3961
126,Carissa,Vyel,676-22-3722
127,Ram,Fildery,456-24-4495
128,Bobbette,Haggeth,445-24-4768
129,Claudetta,Ebsworth,786-05-0596
130,Emmy,Goter,597-91-9502
131,Jo,MacGarrity,379-47-3778
132,Ivy,Koba,672-54-6420
133,Nevile,Curley,644-67-6169
134,Kerry,Dawidowsky,759-02-7787
135,Burnaby,Broom,301-12-7409
136,Gradey,Logsdail,363-23-6915
137,Jonathon,Idenden,209-59-1502
138,Amabel,Brydell,599-22-2870
139,Florella,Hinchcliffe,826-45-2942
140,Saxon,Ormrod,740-81-5542
141,Hermy,Jones,319-31-9862
142,Jillie,Durrant,822-03-2692
143,Wilton,O' Mara,598-86-0375
144,Holly-anne,Woolward,860-61-7193
145,Eydie,Pennini,231-20-4637
146,Thurston,McAuslene,597-15-9803
147,Janean,Worthy,402-64-4472
148,Bryanty,Halley,314-42-6635
149,Bond,Tomblings,431-22-2397
150,Hesther,Harrod,332-43-5349
151,Garrett,Winpenny,537-75-6904
152,Wes,Fallis,713-37-4274
153,Eba,Rubenchik,160-10-7266
154,Ilyssa,Kliemchen,285-41-2214
155,Lowe,Pipet,363-61-0811
156,Mahmud,Eynald,288-17-2135
157,Danell,Slimm,765-76-2625
158,Bink,Piola,151-69-1669
159,Fredrick,Le Cornu,758-73-7668
160,Kelsy,Vizor,804-94-6362
161,Gabbie,Lowater,570-72-6713
162,Berenice,Huglin,632-62-9270
163,Preston,Spatari,105-49-4293
164,Aksel,Ducaen,710-65-6080
165,Joan,Killelea,359-22-4992
166,Corney,Massinger,482-54-8314
167,Tammi,Guinness,621-96-5606
168,Hetty,Chetham,377-12-1930
169,Jo-anne,Jancik,392-27-2208
170,Fredric,Wichard,897-55-0791
171,Dorelle,Eades,381-85-3929
172,Giordano,Eldrid,849-90-7344
173,Ches,Haburne,613-48-8635
174,Chrysa,Crohan,841-02-1739
175,Clemente,Ellissen,755-05-0560
176,Coretta,Barthram,172-61-5700
177,Ax,Nesbeth,555-73-9548
178,Sophie,Cholerton,319-85-5942
179,Ellsworth,Grinikhinov,799-45-1136
180,Di,Wankling,633-01-7529
181,Ollie,Spridgen,203-83-5149
182,Kacy,Bolingbroke,612-70-2897
183,Keefe,Rao,386-19-8482
184,Brennen,Minister,614-13-9425
185,Wendye,Duffy,796-03-6068
186,Margalo,Kulvear,127-48-8926
187,Bibbye,Martinson,100-26-0114
188,Shep,Tolle,111-45-4869
189,Desiree,Tebbutt,739-07-2545
190,Gretal,Ranfield,752-09-5155
191,Lucho,Burvill,127-48-6720
192,Gabi,Thickin,470-55-7075
193,Hortense,Broxholme,174-39-2153
194,Guglielma,Coenraets,513-59-9635
195,Alexis,Roche,238-40-5310
196,Toiboid,Freschi,188-04-6004
197,Ilario,Elliss,154-49-4605
198,Remington,Norree,295-23-3252
199,Alair,Rawsthorne,398-26-1552
200,Basile,Cuddehy,393-59-9709
201,Felicio,Brewood,662-09-8302
202,Harper,Mytton,601-51-6233
203,Jere,Thorowgood,548-76-6812
204,Beatrisa,Amey,282-08-3238
205,Murvyn,Lainge,203-38-7431
206,Dulcia,Frape,570-19-4138
207,Elita,Blofield,421-58-3126
208,Cassondra,Izhakov,504-95-1864
209,Fergus,Ind,669-22-2514
210,Debee,Paradine,524-57-8447
211,Cointon,Fishlock,325-87-6087
212,Rivy,Goodwin,601-40-4999
213,Sophronia,Egalton,348-44-2062
214,Matias,Mensler,133-09-0282
215,Consuelo,Risely,488-48-3699
216,Sunny,Michel,278-75-2793
217,Zacharias,Prazor,308-08-3660
218,Boony,Rearie,399-67-6928
219,Steffane,Iggo,859-31-2384
220,Dore,Trusler,750-32-8307
221,Melita,Bolzmann,679-30-3106
222,Celestyna,Ruste,680-91-3813
223,Barbra,Poleykett,841-64-9434
224,Jelene,Di Meo,788-41-9023
225,Garek,Normanville,320-67-7219
226,Arliene,McLernon,319-17-6489
227,Nickie,Deverille,667-01-4599
228,Charita,Listone,649-14-0132
229,Roberta,Duddle,597-30-0893
230,Tedie,Meers,565-03-6089
231,Cyril,Gaughan,774-42-7118
232,Stefano,Merveille,314-86-7548
233,Shane,Spencelayh,886-44-9139
234,Becka,Carous,740-80-1434
235,Glynda,Code,426-32-2429
236,Hyatt,Dunstall,503-51-0865
237,Pru,Rutley,750-10-1504
238,Aimee,Dunsmuir,759-94-8864
239,Michelle,Tidridge,511-41-7518
240,Stepha,Itter,742-75-8732
241,Gabriell,Lisimore,567-98-2976
242,Agnesse,Frow,771-82-1773
243,Rolf,Gommowe,453-23-5354
244,Lance,Zimek,105-41-2795
245,Silvia,Banister,881-11-7216
246,Jarad,Dominick,818-51-0811
247,Yardley,Rosindill,469-98-3598
248,Lyndy,Halshaw,474-37-4322
249,Rockey,Shimmin,471-80-8634
250,Loren,Hildred,688-36-3777
251,Victoir,Mangenot,301-40-1091
252,Livvie,Filisov,411-14-0061
253,Lita,Parlor,474-27-6400
254,Channa,Notti,436-70-2118
255,Raeann,Pepall,415-89-9161
256,Ardella,Maltster,742-40-3324
257,Alis,Jubert,261-57-8498
258,Jamal,Donnel,171-15-4168
259,Rickey,Gilliam,213-89-7202
260,Denni,Kornousek,588-59-8202
261,Scarlet,Hugueville,753-79-3096
262,Isobel,Pottes,553-87-2113
263,Barbara-anne,Haydock,186-56-5752
264,Ninnetta,Gouldstraw,447-65-5737
265,Pearline,Pharaoh,637-18-1304
266,Cherey,Carcass,182-13-2841
267,Joseph,Duffil,271-58-2741
268,Ericha,Cory,405-66-4026
269,Dulsea,Seiffert,103-33-4330
270,Sylas,Leith-Harvey,513-25-3497
271,Vanny,Tale,142-85-6462
272,Donielle,Bemand,409-94-0349
273,Cynthie,McWhan,389-19-2419
274,Wells,Sainthill,599-77-6589
275,Parke,Petett,853-78-3506
276,Edithe,Date,595-25-0765
277,Giulietta,Rodriguez,191-29-4704
278,Zena,McLaine,567-85-6432
279,Emmey,Desantis,837-49-8630
280,Cass,Bastistini,363-31-5734
281,Brion,Fitzsimmons,633-50-2250
282,Tiffany,Londesborough,889-29-4707
283,Maximo,Caccavari,741-54-7425
284,Allan,Nare,348-89-7515
285,Hamlen,Andreacci,327-92-7605
286,Lianne,Burwin,879-14-0910
287,Elvira,Woodruffe,822-18-7808
288,Keary,Mainson,657-86-2368
289,Tove,Hairyes,858-11-5567
290,Dynah,Schoenfisch,688-75-0642
291,Lin,DelaField,882-64-0929
292,Laura,Shovel,272-57-4933
293,Dani,Peres,539-51-0935
294,Rhetta,Mariet,632-89-2232
295,Aeriela,Mix,226-98-3787
296,Sheppard,Linguard,653-38-4522
297,Darrel,Illesley,183-62-0114
298,Sayre,Handforth,651-26-4031
299,Cass,Aimson,120-10-8168
300,Jackquelin,Dallosso,562-14-9598
301,Yelena,Mishaw,639-26-7779
302,Ulick,Guidera,407-25-8798
303,Sondra,Schust,570-19-7356
304,Selie,Danieli,485-90-8371
305,Reed,Wenban,170-17-4313
306,Lenka,McAteer,734-62-8068
307,Garth,Claringbold,777-36-1977
308,Grove,Friary,500-86-0688
309,Ally,Bosworth,439-01-4372
310,Nikaniki,Sparrow,476-25-3171
311,Austine,Cartmael,191-93-1605
312,Tyne,Albrecht,281-76-2737
313,Ambrosio,MacCarlich,834-26-2309
314,Gradey,Oganesian,876-50-9981
315,Milicent,Koubu,319-68-2954
316,Ave,Boulde,486-82-2639
317,Norry,Beech,294-92-3336
318,Josie,McIlory,559-48-6939
319,Twila,Perry,601-15-2416
320,Paige,Pickvance,752-45-5266
321,Othelia,Rotherham,615-78-5671
322,King,Leahair,136-12-2841
323,Adrien,Redwall,602-32-3574
324,Tandy,Franzini,232-32-9008
325,Dona,Crafter,444-97-1071
326,Colly,Mouncher,735-50-2629
327,Ingrim,Worms,113-85-8357
328,Felisha,Hanselman,460-82-5478
329,Onida,Donaho,433-67-5134
330,Ariel,Langthorn,628-57-5045
331,Robbie,Lysons,533-38-3075
332,Catlee,Ledwich,862-11-8215
333,Ealasaid,Baldree,661-92-9840
334,Tris,Rubega,872-53-4531
335,Siouxie,Banbrick,404-90-3339
336,Goober,Mac Geaney,131-66-2476
337,Evyn,Anersen,406-61-9648
338,Aubert,Rotte,671-61-6089
339,Lonni,Whitlock,725-06-9475
340,Susi,Menzies,533-35-9294
341,Cecelia,McInally,362-87-6074
342,Julian,Kemp,606-48-5325
343,Janetta,Huckett,652-20-5458
344,Gertrude,McNeigh,342-20-9424
345,Wilmette,Bertome,234-65-0653
346,Benson,Dumingo,136-50-9497
347,Ellie,Tanslie,192-36-8315
348,Mitchel,Ferrant,389-56-9860
349,Masha,Posthill,522-36-7971
350,Smitty,Nare,503-49-1113
351,Iseabal,Ligerton,350-39-5962
352,Caresse,Ingleby,309-62-7998
353,Dalila,Egalton,288-51-0873
354,Barty,Bennison,691-59-4279
355,Emmet,Rist,618-39-1002
356,Traci,Constance,132-20-5081
357,Casey,Twoohy,675-64-3895
358,Marilyn,Koppens,620-20-1365
359,Leia,Yurikov,201-43-4792
360,Davy,Bolzen,162-58-6868
361,Granny,Berresford,778-36-1428
362,Rowland,Beeston,379-51-7793
363,Yorgo,Rodgers,815-76-1838
364,Issiah,Drew,865-92-5685
365,Vin,Prestedge,888-44-8980
366,Leigha,McKernan,195-84-3100
367,Trina,Frondt,231-39-7536
368,Maximo,Noor,839-95-6880
369,Amalia,Ewbanke,155-51-3114
370,Lenette,Soule,470-45-4237
371,Koressa,Bilborough,277-71-7656
372,Spense,Borgne,144-42-8109
373,Quinlan,Hainning,375-63-1456
374,Bertina,Le Barre,462-85-3521
375,Lucille,Lambourn,204-11-7101
376,Chiquita,Hafner,295-46-7454
377,Corty,Wellan,766-59-5900
378,Caryl,Dench,274-63-0615
379,Harp,Rainer,276-81-4125
380,Thom,McClifferty,283-43-8592
381,Abdel,Jenoure,680-71-1533
382,Rodie,Swales,570-26-1865
383,Christophorus,Solan,572-58-8060
384,Rubi,Jakoub,610-64-5780
385,Guendolen,Winchcombe,522-03-6992
386,Ranice,Sloey,489-04-8585
387,Annadiana,Standbrook,445-75-1768
388,Farrand,Lashley,829-09-2273
389,Lucille,Whitehead,819-91-9684
390,Harriette,Robertelli,421-55-0624
391,Lottie,Paling,687-11-2766
392,Ilse,Kremer,651-75-0894
393,Goddart,Bautiste,406-97-3744
394,Harriott,Fairbourne,128-08-0651
395,Joellen,Garnson,556-15-6947
396,Ringo,Lody,267-61-5646
397,Tabbie,Cyster,865-97-4532
398,Christean,Vokes,446-91-2300
399,Jana,Richard,807-90-7145
400,Romain,Popworth,281-72-3967
401,Jolie,Pilmoor,795-87-2400
402,Ase,Caddell,850-37-9551
403,Quincy,Greenly,679-50-6325
404,Carey,Ponnsett,626-73-7471
405,Carolus,Dormon,764-20-2176
406,Amandi,Heatherington,552-39-3680
407,Inglebert,McQuode,412-71-3382
408,Shurwood,Filippello,450-75-5352
409,Pincas,Scarsbrooke,725-32-9114
410,Sonia,Magor,501-72-5587
411,Papagena,Matushevich,182-88-8528
412,Mallory,Capin,273-98-4259
413,Rhodia,Fendley,650-35-9249
414,Elane,Havard,517-32-9016
415,Dillon,Gilleson,445-23-0798
416,Mart,Mallord,181-68-8894
417,Berti,Parkes,551-08-2939
418,Tymon,Espinoza,285-21-4941
419,Domenico,Burchall,316-35-2555
420,Frederik,Briant,532-80-3236
421,Fonsie,Pareman,263-31-3502
422,Nessa,Shires,478-17-0622
423,Shannon,Eversley,816-77-2952
424,Timmy,Gaisford,195-66-4613
425,Milton,Anersen,756-15-4365
426,Sheppard,Healy,128-03-3857
427,Bogey,Vasyunichev,774-86-2775
428,Janet,Wheal,240-95-8841
429,Valerie,Poll,668-23-0443
430,Evered,Eccleston,154-02-9549
431,Henryetta,Pabel,852-82-1271
432,Kerrie,Van Vuuren,153-94-6914
433,Tedda,Bugg,671-02-1365
434,Tallie,Dudin,442-68-0652
435,Lars,Oakshott,620-67-6669
436,Almira,Vedstra,352-42-7335
437,Casi,Ommundsen,496-47-4542
438,Joelie,Enric,831-85-6128
439,Mathilde,Bakhrushin,875-04-2374
440,Amargo,Greveson,748-69-2435
441,Gerard,Joynes,673-75-7803
442,Vyky,Josskowitz,581-89-3580
443,Gamaliel,Tomaszczyk,349-30-5275
444,Shepard,Naismith,187-14-8079
445,Holly,Lochet,793-91-7205
446,Roth,Bartalucci,696-79-9134
447,Irv,Keddie,106-72-0153
448,Theodor,Mathen,118-64-0070
449,Gilli,Lancashire,480-96-1070
450,Alice,Merali,874-93-8701
451,Julina,Yarr,227-31-0547
452,Odo,Dandy,861-26-9882
453,Vikki,Lerigo,624-07-5238
454,Dmitri,Surgey,443-81-6671
455,Twila,Dory,613-66-1178
456,Hymie,Lunt,192-48-0981
457,Johnna,MacMenamy,400-84-3206
458,Peter,Franceschi,678-40-5528
459,Glynis,Alvin,534-42-7351
460,Damon,Grunguer,780-06-2471
461,Morrie,Jessard,676-49-2993
462,Nicolle,Argontt,405-23-5273
463,Dunc,McLenahan,753-75-3377
464,Lorne,Kless,303-57-1620
465,Vassily,Baroc,627-70-9475
466,Benita,Pennell,123-30-6594
467,Estelle,Coombs,865-10-7185
468,Jamey,Surgener,760-26-2602
469,Bevan,Schohier,579-64-1392
470,Kyla,Gerrens,813-73-2818
471,Yolane,McShee,645-60-8217
472,Aylmer,Brabender,604-55-9491
473,Winna,Gulk,657-42-6947
474,Deanne,Dunbar,678-06-6890
475,Romeo,Anglim,401-86-6527
476,Dulcea,Thurstance,219-78-5833
477,Coleen,Inger,539-56-1676
478,Rosemonde,Jindra,517-92-2411
479,Nike,Gut,379-74-4142
480,Sapphira,Saterthwait,673-89-1193
481,Lilias,Wandrack,438-02-5361
482,Gaspar,Skerrett,446-83-3392
483,Ryon,Jacqueme,338-70-1090
484,Carena,Haswell,884-63-7727
485,Boote,Matignon,537-46-1488
486,May,Peetermann,148-83-2609
487,Jorge,Honacker,668-85-4836
488,Bradley,Luesley,578-03-3866
489,Pennie,Kiln,779-05-5677
490,Maryrose,Churchman,683-85-0956
491,Parry,Dinesen,411-87-6673
492,Curtice,Babb,154-12-1799
493,Kirby,Paur,121-81-2801
494,Tanney,Cowlas,677-75-3999
495,Sargent,Roydon,297-86-2967
496,Alyssa,MacKnight,407-93-7878
497,Jaymee,O'Growgane,273-07-2872
498,Xaviera,Ladbury,453-02-1656
499,Marney,Concklin,600-36-2187
500,Cornie,Corris,581-94-6156
501,Nannette,Tomkowicz,464-38-6779
502,Hester,Cowser,849-55-2497
503,Rochester,McNevin,555-31-5824
504,Matthias,Barnicott,250-53-0605
505,Junie,Fibbit,291-75-6908
506,Alison,Cox,424-35-0993
507,Julio,Kob,111-26-3912
508,Joey,Melross,764-62-2212
509,Erv,Eatock,255-23-9254
510,Julita,Oby,538-19-1834
511,Ivie,Rubinovitsch,598-61-4791
512,Adara,Beldham,605-88-0609
513,Franklyn,Slemming,703-89-0516
514,Lacy,Gatus,381-80-5534
515,Westbrook,Coleridge,110-67-1863
516,Rachel,Lawrance,568-34-2411
517,Ame,Simper,822-06-6859
518,Kathryn,Liverock,658-01-6563
519,Xymenes,Pulhoster,267-18-3661
520,Claudianus,Petras,769-98-2083
521,Fritz,Walsh,573-10-8169
522,Tuckie,Blackett,425-33-2046
523,Aindrea,Haverson,507-46-2812
524,Kayne,Koomar,670-47-4059
525,Zuzana,Josskoviz,431-10-7855
526,Roxanna,Roux,424-24-7094
527,Chrysler,Wyant,159-72-2725
528,Emmanuel,Cuniam,593-92-0115
529,Adan,Body,606-78-3044
530,Bay,Moylane,408-15-7819
531,Kipper,Edward,643-57-8921
532,Britt,Dingivan,489-44-3282
533,Lynsey,Harrell,531-89-0463
534,Marielle,Tradewell,841-12-0567
535,Candra,Baser,778-40-7092
536,Miran,Benoiton,815-88-6168
537,Jehu,Klebes,179-98-7825
538,Jacqueline,Gatlin,796-43-8386
539,Granville,Apark,511-21-6182
540,Rena,Grimbaldeston,353-78-9238
541,Cullie,Ilyunin,267-26-7620
542,Bonnibelle,Cassels,774-87-6582
543,Cesaro,Bjorkan,441-77-8895
544,Sandi,Stanyforth,544-35-8791
545,Jerad,Blakden,538-57-1858
546,Chuck,Roskams,336-30-9088
547,Harriette,Clowley,394-41-6662
548,Pandora,Groves,323-40-4671
549,Candace,Gillebert,407-34-8351
550,Starlene,Widd,757-76-0427
551,Sigfrid,Boick,678-57-9465
552,Ranna,Fallows,482-19-4281
553,Janeva,Reside,746-77-0146
554,Aubree,Gavozzi,742-17-2304
555,Daria,Zorn,425-04-3855
556,Nealson,Schirak,617-39-3957
557,Connie,Suff,805-80-3846
558,Giraud,Foulds,793-12-5973
559,Meghan,Kitter,857-72-9474
560,Umberto,Tarquini,319-71-7221
561,Jodee,Jackling,577-72-3528
562,Dolf,Shapero,668-64-7140
563,Pauletta,Gowthorpe,277-23-9846
564,Clywd,Yokley,344-06-8291
565,Simone,Tarquinio,739-54-5879
566,Carmita,De Santos,685-87-5038
567,Ciel,Snelle,565-10-4007
568,Kahaleel,McKimmie,156-31-9653
569,Grete,Tween,701-73-3229
570,Debi,Varley,274-94-2008
571,Guthrey,Lowsely,581-65-6144
572,Shanta,Senecaut,601-39-8856
573,Payton,Huntress,546-19-8808
574,Hollis,Somers,345-89-9978
575,Lesley,McVity,104-69-6782
576,Albertine,Ventris,380-29-7265
577,Ania,Goning,890-09-2813
578,Patton,Dorrell,193-19-5587
579,Stan,Preshous,494-02-8958
580,Aloin,Valerio,470-48-7585
581,Xymenes,Heaps,219-63-9375
582,Tera,Enright,289-94-9694
583,Ediva,Heitz,401-09-4510
584,Jonie,Berriball,771-50-8512
585,Candi,Ren,770-99-4311
586,Karissa,Alexsandrov,464-78-4267
587,Vite,Chiswell,563-56-7434
588,Demeter,Budnk,164-82-4375
589,Sofie,Terrelly,106-76-2729
590,Towny,Fidilis,788-16-9460
591,Malva,Vasyukhin,886-72-1761
592,Annelise,Jarred,207-40-2996
593,Margarette,Newham,513-46-7896
594,Rudolph,Kingswood,802-64-0676
595,Benetta,Vannucci,676-37-8388
596,Baryram,Gaskill,898-43-3374
597,Pancho,Ricson,668-22-4267
598,Aldous,Boyson,727-25-4832
599,Carolann,Blakeney,479-03-1364
600,Bern,Deboo,323-97-3034
601,Pat,Burcher,342-97-3223
602,Virgie,Baccus,480-86-9487
603,Aleece,Geeritz,131-55-2829
604,Nessie,Hawley,544-22-5148
605,Hedwiga,Andrieux,871-98-3087
606,Eddy,Enterle,743-10-7062
607,Lemmie,Maddicks,529-31-2373
608,Lottie,Dahlen,827-58-0845
609,Theda,Yurkin,443-59-4669
610,Dyana,McRuvie,776-35-7237
611,Nadine,Hockell,193-09-6703
612,Ripley,Carse,512-66-3359
613,Kristien,Vlasenkov,811-13-8131
614,Andrea,Kemwal,478-65-4684
615,Celestina,Mantione,583-59-3486
616,Thatch,Feldfisher,758-57-6497
617,Riki,Coupland,826-65-6531
618,Cam,Regorz,539-76-4478
619,Yorgo,Beiderbecke,591-63-5153
620,Collen,Bowes,578-93-0598
621,Constancy,Burriss,668-98-3198
622,Andie,Totterdell,792-60-6766
623,Sasha,Gilchrist,693-93-1731
624,Florida,Dehmel,806-53-6851
625,Benyamin,Peer,630-09-9216
626,Mandie,Coweuppe,733-74-0570
627,Lucienne,Wingatt,888-84-0512
628,Allayne,Mattin,103-98-8640
629,Aguie,Frichley,801-22-6995
630,Elisha,Moxley,571-50-3009
631,Morten,Bramstom,374-85-8190
632,Tatiana,Licciardiello,587-44-8987
633,Damian,Skeggs,503-83-2988
634,Ardisj,Ludee,864-55-8355
635,Steffen,Schrir,615-68-8265
636,Reyna,Bennike,671-46-8724
637,Clovis,Mouatt,381-23-4503
638,Lana,Ellery,664-56-8824
639,Rhiamon,Walbrook,157-29-9963
640,Jacinta,Keetch,772-93-7363
641,Gale,Gohn,365-39-8845
642,Harland,Orring,377-32-0921
643,Cynthia,D'orsay,585-01-6032
644,Carlene,Grewcock,697-74-7690
645,Thorn,Boshers,301-76-7969
646,Fabiano,Nusche,464-59-7519
647,Kingsly,Feeney,434-82-1400
648,Romy,Linsay,846-54-2903
649,Kary,Eskriett,405-90-6869
650,Napoleon,Isaksson,363-48-1820
651,Karrah,Lamperd,115-65-4313
652,Cloris,Asey,116-56-4473
653,Thane,Benitti,823-45-5458
654,Yvor,Eldridge,285-66-5669
655,Shelton,Sambles,667-74-0351
656,Briggs,Woolfenden,864-40-8826
657,Roslyn,Benoy,429-79-4634
658,Devina,Boullin,821-81-3067
659,Layne,Towl,549-61-2852
660,Doria,Cabane,303-63-2172
661,Billy,Cattow,839-27-9718
662,Leandra,Cosins,865-31-4599
663,Stephanie,Impett,695-15-0964
664,Otis,Ferrieroi,143-29-5131
665,Ogdon,Wrankmore,319-92-6044
666,Nowell,Viegas,848-89-5235
667,Jerald,Kisbey,101-04-4764
668,Antoni,Rubinfeld,653-91-9916
669,Bondy,Morrad,648-07-3767
670,Courtnay,Ferraresi,100-85-6906
671,Hilde,Lalonde,669-25-7992
672,Staford,Corner,422-12-1983
673,Chelsie,Bembrigg,632-17-4429
674,Eddi,Sully,450-03-9116
675,Karrah,Dagless,419-12-3362
676,Rik,Dyka,716-22-5856
677,Rance,Ledingham,111-37-5340
678,Aldridge,Maw,448-03-1081
679,Park,Paolillo,730-89-9182
680,Vonny,Barmadier,732-57-0653
681,Andre,Manueli,351-59-8114
682,Bennett,Chattaway,868-80-2599
683,Kaylyn,Smeal,151-45-5583
684,Burton,Hargie,449-76-1505
685,Rhodie,Carhart,730-78-4275
686,Giulio,Callear,411-40-7878
687,Wallie,Ferrao,495-08-7548
688,Leland,Medmore,341-44-4759
689,Arielle,O'Kieran,722-38-7013
690,Urbain,Bodicam,548-55-8518
691,Graham,Bidewel,467-68-2705
692,Antonius,D'orsay,608-89-2568
693,Zelma,Edgin,742-07-4098
694,Cristi,Menauteau,800-35-3511
695,Winston,Emerton,454-87-3683
696,Sena,Parmer,252-49-0353
697,Bryana,Sawyers,662-27-3054
698,Arv,Tregenna,591-40-3647
699,Kilian,Klimuk,661-94-8667
700,Elana,Kelloch,732-02-0259
701,Jamima,Van Brug,175-37-0950
702,Helga,Honsch,301-38-2610
703,Englebert,Okenden,192-54-8727
704,Ernesto,Haking,331-54-1504
705,Birgitta,Grabham,616-02-7022
706,Modesty,Fearby,617-52-0044
707,Hallie,Coatsworth,771-79-2843
708,Napoleon,Frenzl,501-26-7688
709,Morgen,Koop,340-03-8854
710,Norry,Wandless,438-16-8491
711,Diarmid,Behninck,472-63-6970
712,Haskell,Prando,177-69-2099
713,Estella,Rouge,797-95-9104
714,Beulah,Shortt,614-16-5509
715,Ardella,Commusso,740-75-9935
716,Cheslie,Gauch,433-28-1349
717,Simone,Lightman,304-49-5661
718,Francklyn,Nijssen,513-61-3590
719,Bail,Hattam,586-23-8889
720,Rustin,Stroud,276-39-9195
721,Ulick,Pheby,265-50-0319
722,Kimberlee,Welds,153-94-4895
723,Michell,Bantock,572-56-3605
724,Dot,Letten,689-83-0604
725,Helaine,Teaz,799-63-8854
726,Waite,Calvie,388-17-0851
727,Tye,Bowcock,361-15-2564
728,Norine,Quarrie,707-97-1662
729,Sarge,Chettle,222-94-8855
730,Jobi,Kilian,378-99-4108
731,Mohammed,O'Looney,899-50-6171
732,Jeddy,Dinley,506-55-2174
733,Mimi,Musgrove,756-27-2307
734,Ediva,Gumbley,714-22-6304
735,Tonnie,O'Scanlon,447-74-8869
736,Hayley,Greiser,525-03-3089
737,Lowe,Scad,775-17-0744
738,Valenka,Britt,219-17-4295
739,Ferrel,Garley,504-01-7255
740,Kalle,Sprigin,581-49-0718
741,Trev,Neilson,110-09-9158
742,Danette,Girkin,363-79-9476
743,Hashim,Rainville,475-31-2045
744,Berny,Lie,144-32-8189
745,Ad,Crapper,463-79-2269
746,Pieter,Imos,103-67-9640
747,Frederigo,Ianni,233-02-1334
748,Rebbecca,Jadczak,150-41-9117
749,Natty,Partener,824-57-0108
750,Sonnie,Hospital,767-40-2305
751,Denys,Groneway,373-89-1538
752,Dane,Walcar,751-62-9583
753,Anthia,Tidd,207-19-3793
754,Ximenez,Barwise,331-24-5378
755,Valeria,Vern,139-14-0155
756,Stacy,Henworth,791-53-6938
757,Dede,Kevern,243-90-4991
758,Tully,Gellett,899-29-3416
759,Atlanta,Fosbraey,227-44-9997
760,Glyn,Grigorey,132-76-9944
761,Winny,Jestico,499-01-1901
762,Pauline,Cowey,607-24-2405
763,Stephani,Lensch,580-18-7678
764,Hughie,Dalglish,787-30-7214
765,Carmella,Matis,897-23-8731
766,Theda,Kaasman,584-75-7300
767,Frederica,Trymme,656-19-8788
768,Archibaldo,Willishire,339-58-7401
769,Angeline,Pebworth,320-50-9948
770,Madeline,Clelle,284-02-1510
771,Thatcher,McNeigh,465-97-2006
772,Westbrook,Glass,802-96-4765
773,Rachele,Pargent,147-27-8491
774,Kleon,Abdey,825-33-5770
775,Britteny,Aslen,878-18-5796
776,Renaldo,Parrot,219-73-0113
777,Breena,Jordine,518-81-5609
778,Ulberto,Mollett,688-57-8521
779,Che,Midgely,297-99-3736
780,Margette,MacTeggart,777-54-1662
781,Kendre,Fawlkes,525-20-4312
782,Stacey,Farens,144-66-0216
783,Percy,Laverock,618-63-9937
784,Kit,Gerok,153-19-1512
785,Sisile,Skillitt,367-46-4271
786,Meggi,Jee,403-15-3406
787,Orton,Kits,343-80-1089
788,Ford,Dahlback,785-28-1914
789,Rriocard,Betteney,410-39-0061
790,Petunia,Petrelli,881-32-5237
791,Evita,Daid,119-73-4398
792,Eleni,Palphreyman,411-06-4823
793,Alexio,O'Neill,652-55-5755
794,Shoshana,Trever,431-54-5193
795,Jamill,Red,511-38-6939
796,Simone,Buggy,310-58-1484
797,Felix,Towner,708-08-2805
798,Loise,Levison,329-74-1511
799,Bertrando,Mulhall,799-59-0237
800,Belva,O'Codihie,882-18-3302
801,Sheelah,Faichney,376-70-4532
802,Boycey,Zoren,670-37-2452
803,Ardra,Blanchflower,536-50-7477
804,Cheri,McGucken,690-40-0620
805,Valma,Klimek,590-80-4689
806,Nike,Hanna,652-21-4368
807,Brnaba,Strathe,882-55-0766
808,Portia,Crownshaw,313-20-2317
809,Omar,Howis,189-59-4691
810,Zia,Worham,233-53-0821
811,Morena,Bayless,782-38-4424
812,Alic,Brech,676-73-6460
813,Edsel,Larkings,437-63-7532
814,Tomi,Piel,414-04-4891
815,Christophe,Morigan,734-71-4884
816,Leigh,Somerbell,253-02-8989
817,Adrienne,O'Halleghane,692-29-7403
818,Barbara,Diaper,359-05-0188
819,Zonnya,Joddins,129-80-9179
820,Marice,Huband,522-32-2266
821,Skipper,Cristofolini,342-60-7294
822,Jarad,Wainscoat,174-58-5472
823,Dino,McGuirk,884-82-6681
824,Penelopa,Bryan,154-66-5695
825,Lucine,Cordobes,315-88-5449
826,Lucho,Taber,289-64-4681
827,Carole,Plumbe,394-70-7685
828,Rodrigo,Roylance,480-52-2049
829,Tallie,Artingstall,875-73-9286
830,Elsy,Killingworth,885-65-1482
831,Holly,Mathey,570-06-3985
832,Mischa,Exposito,692-07-7185
833,Vitia,Yarr,797-14-2118
834,Adara,Klaas,677-90-7350
835,Leslie,Baumadier,632-13-2577
836,Latrena,Olanda,413-69-0654
837,Enos,Doulden,508-80-7850
838,Nanete,Vinter,441-98-3682
839,Raina,Druhan,679-14-4446
840,Larissa,Swires,545-46-8317
841,Kelcy,Jess,465-17-9817
842,Tresa,Purrington,395-27-2002
843,Hugo,Richter,147-13-3509
844,Brittney,Crepel,532-30-7729
845,Joann,Stilldale,419-70-6884
846,Saxon,Elfe,327-65-3719
847,Jolee,Northey,197-73-8350
848,David,Grishagin,851-21-0727
849,Dunstan,Titcombe,717-62-2436
850,Saudra,McRamsey,477-18-2218
851,Beret,Gavrielly,569-05-7241
852,Aylmar,Wrightson,693-25-7271
853,Emmey,Matevosian,273-69-2587
854,Linda,Pitway,620-76-8914
855,Darrell,John,636-93-0150
856,Leroi,Cutmere,610-16-6477
857,Abe,Glanfield,289-71-2225
858,Cal,Mazonowicz,211-82-8657
859,Theresina,Kleinsinger,516-87-8729
860,Archibaldo,Amott,782-79-1963
861,Cassaundra,Pullar,662-43-8475
862,Holt,Tommei,327-02-0109
863,Linet,Witheford,322-52-1800
864,Beatrix,Chrippes,479-10-6547
865,Lamond,Riccelli,516-78-9624
866,Grove,Claworth,832-60-3689
867,Harman,Stoney,437-54-9320
868,Ozzie,McElory,148-09-4534
869,Neil,Euels,133-85-6431
870,Riccardo,Kullmann,641-65-1801
871,Stevena,Seacombe,362-57-7016
872,Meade,Craigs,223-04-8764
873,Diego,Kiggel,721-76-2639
874,Fionnula,MacQuaker,216-91-6520
875,Elyse,Standen,768-88-4995
876,Reba,Hallowell,288-27-9735
877,Fairlie,Aldersey,444-27-7694
878,Chalmers,Lewzey,670-32-8224
879,Nichole,Broschek,410-64-9847
880,Linell,Yashin,593-46-4729
881,Meaghan,Lilleman,147-11-7918
882,Brant,Frisel,639-07-6947
883,Cris,Simonds,477-99-4274
884,Madalena,Bengle,595-95-1538
885,Philomena,Rusbridge,423-91-4421
886,Madella,Fillgate,275-67-7551
887,Georgette,Parres,222-74-7006
888,Fredek,Scohier,445-99-7116
889,Lacee,Beedie,126-17-0359
890,Dorothee,Regenhardt,659-22-9888
891,Cordie,Tivenan,427-22-0847
892,Mellicent,Manz,827-66-4272
893,Lyle,Benne,523-40-9578
894,Walliw,Tritton,198-94-0002
895,Evangelia,Webben,117-29-5058
896,Nathan,Garatty,248-77-8076
897,Welsh,McNeigh,168-08-5428
898,Vivienne,Krelle,208-72-5388
899,Nanette,Ambresin,873-01-7365
900,Valma,Pierrepoint,558-03-4526
901,Sibella,Jenkison,273-58-5278
902,Gay,Abdey,670-68-4535
903,Enrico,Brunton,185-67-3957
904,Cathy,Webby,793-13-9786
905,Benjie,Benedetti,120-30-0491
906,Ardis,Keeri,438-39-9219
907,Darren,Bodell,461-37-7108
908,Nell,Pittendreigh,238-87-3872
909,Lilyan,Ellard,611-57-4636
910,Rebbecca,Roddy,385-61-5194
911,Corrinne,Behn,807-77-5430
912,Devonne,Treadwell,836-18-6701
913,Adrienne,Egger,649-83-8085
914,Magdalene,Reide,591-05-1232
915,Leighton,Emmins,325-39-4155
916,Burty,Lusgdin,564-22-8936
917,Quinn,Hexham,603-29-4905
918,Dayle,Lampke,388-03-6943
919,Eugenio,Varsey,159-79-9633
920,Glen,Garlant,436-52-1841
921,Valina,Reynault,216-42-0548
922,Mathias,Glyssanne,170-79-4431
923,Thibaut,Ceaser,870-97-9215
924,Dianne,Hayne,269-41-5289
925,Alyson,Landre,583-73-5935
926,Jodi,Carlile,429-07-1781
927,Dorolice,Linsay,716-14-8570
928,Goran,Giottoi,442-79-0671
929,Mateo,Marzelo,478-88-9835
930,Kaia,Queree,700-18-4317
931,Margette,Ashurst,403-34-0809
932,Erica,Kensy,264-11-5945
933,Harris,Lyes,457-02-9584
934,Franzen,Witsey,317-17-1786
935,Wenda,Nottle,741-67-3538
936,Wilden,Menpes,113-61-5632
937,Sandor,Turbat,283-13-9557
938,Mervin,Gooding,485-62-2804
939,Lona,Sends,677-89-4935
940,Leigh,Lauxmann,147-43-7293
941,Toni,Bentley,374-10-5011
942,Yvette,Whiten,628-30-2224
943,Emalee,Thorburn,816-58-4087
944,Sawyer,Germon,693-27-0964
945,Benito,Whybrow,145-18-7191
946,Galven,Winskill,450-49-9629
947,Marena,Janatka,322-92-9830
948,Morganica,Grund,579-55-1900
949,Danna,Philipps,747-80-6449
950,Ailene,Gillatt,744-64-2155
951,Cheston,Vsanelli,627-15-3562
952,Delora,Pillington,315-84-4107
953,Verena,Djurevic,226-93-7994
954,Levy,Sitlington,523-45-8877
955,Ari,Simonnot,889-81-1395
956,Margret,Skottle,869-57-6768
957,Adina,Melanaphy,770-58-3053
958,Torin,Kiehne,515-55-9644
959,Audrey,Licciardiello,204-54-3953
960,Orelia,Nijssen,716-25-5766
961,Yale,Whitely,616-04-5897
962,Ester,Gomez,547-73-9420
963,Mersey,Hutchens,400-84-5460
964,Matty,Mair,633-22-7112
965,Alphard,Fahrenbach,606-99-1504
966,Brinn,Berdale,893-58-5388
967,Portia,Blueman,498-94-7648
968,Nanon,MacKonochie,283-95-1231
969,Maighdiln,Corse,191-84-3560
970,Maryrose,Clevely,287-38-8939
971,Fayina,Dougher,197-25-9568
972,Langston,Stithe,682-15-9438
973,Avram,Belone,189-03-8814
974,Ginnie,Camus,198-80-5522
975,Catrina,Figin,750-10-8134
976,Emalia,MacGlory,832-28-1286
977,Tyler,Tripp,293-98-4797
978,Tome,Grover,372-41-3655
979,Noland,Breakspear,800-62-9162
980,Jess,Saywood,221-30-8979
981,Stacy,Nolot,893-42-2228
982,Dian,Cholerton,290-90-2982
983,Nelly,Beach,146-24-7924
984,Chrissie,Feakins,717-07-4915
985,Phylys,Hawking,110-90-1411
986,Tasha,Habbergham,176-56-8371
987,Freda,Thormwell,123-13-6010
988,Daron,Persitt,574-09-9805
989,Tansy,Irce,285-06-2994
990,Roselin,Carrigan,627-24-5808
991,Mair,Jobe,726-16-2721
992,Babette,Row,204-88-0659
993,Carolin,Bradbeer,528-69-3559
994,Hazel,Shew,823-36-5518
995,Gustavo,Mattersey,252-61-7843
996,Talbert,Truitt,207-68-2044
997,Mayor,Berrygun,257-42-5848
998,Todd,Dannehl,357-13-6712
999,Ulysses,Strother,333-44-7555
1000,Piper,Liversley,790-60-2667
